{
  "serviceName": "employee-microservice",
    "taskDefinition": "employee-microservice:85",
    "cluster": "microservices-serverlesscluster",
    "loadBalancers": [
        {
            "targetGroupArn": "arn:aws:elasticloadbalancing:us-east-1:516241962417:targetgroup/employee-tg-two/9d74309d5253ec54",
            "containerName": "employee",
            "containerPort": 8080
        }
    ],
    "desiredCount": 1,
    "launchType": "FARGATE",
    "schedulingStrategy": "REPLICA",
    "deploymentController": {
        "type": "CODE_DEPLOY"
    },
    "networkConfiguration": {
        "awsvpcConfiguration": {
            "subnets": [
               "subnet-03700ce4fb32b8ae3",
        "subnet-0894974209d0db415"
            ],
            "securityGroups": [
        "sg-0fa3b20581135835e"
            ],
            "assignPublicIp": "ENABLED"
        }
    }
}