{"filter":false,"title":"create-customer-microservice-tg-two.json","tooltip":"/deployment/create-customer-microservice-tg-two.json","undoManager":{"mark":11,"position":11,"stack":[[{"start":{"row":0,"column":0},"end":{"row":29,"column":0},"action":"remove","lines":["{","  \"taskDefinition\": \"customer-microservice:31\",","  \"cluster\": \"microservices-serverlesscluster\",","  \"loadBalancers\": [","    {","      \"targetGroupArn\": \"arn:aws:elasticloadbalancing:us-east-1:516241962417:targetgroup/customer-tg-two/91adcb952b0f22a6\",","      \"containerName\": \"customer\",","      \"containerPort\": 8080","    }","  ],","  \"desiredCount\": 1,","  \"launchType\": \"FARGATE\",","  \"schedulingStrategy\": \"REPLICA\",","  \"deploymentController\": {","    \"type\": \"CODE_DEPLOY\"","  },","  \"networkConfiguration\": {","    \"awsvpcConfiguration\": {","      \"subnets\": [","        \"subnet-0894974209d0db415\",","        \"subnet-03700ce4fb32b8ae3\"","      ],","      \"securityGroups\": [","        \"sg-0fa3b20581135835e\"","      ],","      \"assignPublicIp\": \"ENABLED\"","    }","  }","}",""],"id":17},{"start":{"row":0,"column":0},"end":{"row":29,"column":0},"action":"insert","lines":["{","  \"taskDefinition\": \"customer-microservice:32\",","  \"cluster\": \"microservices-serverlesscluster\",","  \"loadBalancers\": [","    {","      \"targetGroupArn\": \"arn:aws:elasticloadbalancing:us-east-1:516241962417:targetgroup/customer-tg-two/91adcb952b0f22a6\",","      \"containerName\": \"customer\",","      \"containerPort\": 8080","    }","  ],","  \"desiredCount\": 1,","  \"launchType\": \"FARGATE\",","  \"schedulingStrategy\": \"REPLICA\",","  \"deploymentController\": {","    \"type\": \"CODE_DEPLOY\"","  },","  \"networkConfiguration\": {","    \"awsvpcConfiguration\": {","      \"subnets\": [","        \"subnet-0894974209d0db415\",","        \"subnet-03700ce4fb32b8ae3\"","      ],","      \"securityGroups\": [","        \"sg-0fa3b20581135835e\"","      ],","      \"assignPublicIp\": \"ENABLED\"","    }","  }","}",""]}],[{"start":{"row":1,"column":42},"end":{"row":1,"column":45},"action":"remove","lines":[":32"],"id":18},{"start":{"row":1,"column":42},"end":{"row":1,"column":43},"action":"insert","lines":["4"]},{"start":{"row":1,"column":43},"end":{"row":1,"column":44},"action":"insert","lines":["0"]}],[{"start":{"row":1,"column":43},"end":{"row":1,"column":44},"action":"remove","lines":["0"],"id":19},{"start":{"row":1,"column":42},"end":{"row":1,"column":43},"action":"remove","lines":["4"]}],[{"start":{"row":1,"column":42},"end":{"row":1,"column":43},"action":"insert","lines":[":"],"id":20},{"start":{"row":1,"column":43},"end":{"row":1,"column":44},"action":"insert","lines":["4"]},{"start":{"row":1,"column":44},"end":{"row":1,"column":45},"action":"insert","lines":["-"]}],[{"start":{"row":1,"column":44},"end":{"row":1,"column":45},"action":"remove","lines":["-"],"id":21},{"start":{"row":1,"column":44},"end":{"row":1,"column":45},"action":"insert","lines":["0"]}],[{"start":{"row":5,"column":25},"end":{"row":5,"column":121},"action":"remove","lines":["arn:aws:elasticloadbalancing:us-east-1:516241962417:targetgroup/customer-tg-two/91adcb952b0f22a6"],"id":25},{"start":{"row":5,"column":25},"end":{"row":5,"column":121},"action":"insert","lines":["arn:aws:elasticloadbalancing:us-east-1:516241962417:targetgroup/customer-tg-two/91adcb952b0f22a6"]}],[{"start":{"row":19,"column":9},"end":{"row":19,"column":33},"action":"remove","lines":["subnet-0894974209d0db415"],"id":26},{"start":{"row":19,"column":9},"end":{"row":19,"column":33},"action":"insert","lines":["subnet-03700ce4fb32b8ae3"]}],[{"start":{"row":20,"column":9},"end":{"row":20,"column":33},"action":"remove","lines":["subnet-03700ce4fb32b8ae3"],"id":27},{"start":{"row":20,"column":9},"end":{"row":20,"column":33},"action":"insert","lines":["subnet-0894974209d0db415"]}],[{"start":{"row":23,"column":9},"end":{"row":23,"column":29},"action":"remove","lines":["sg-0fa3b20581135835e"],"id":28},{"start":{"row":23,"column":9},"end":{"row":23,"column":29},"action":"insert","lines":["sg-0fa3b20581135835e"]}],[{"start":{"row":1,"column":44},"end":{"row":1,"column":45},"action":"remove","lines":["0"],"id":29},{"start":{"row":1,"column":44},"end":{"row":1,"column":45},"action":"insert","lines":["8"]}],[{"start":{"row":0,"column":1},"end":{"row":1,"column":0},"action":"insert","lines":["",""],"id":30},{"start":{"row":1,"column":0},"end":{"row":1,"column":2},"action":"insert","lines":["  "]}],[{"start":{"row":1,"column":2},"end":{"row":1,"column":41},"action":"insert","lines":["\"serviceName\": \"customer-microservice\","],"id":31}]]},"ace":{"folds":[],"scrolltop":0,"scrollleft":0,"selection":{"start":{"row":16,"column":4},"end":{"row":16,"column":4},"isBackwards":false},"options":{"guessTabSize":true,"useWrapMode":false,"wrapToView":true},"firstLineState":0},"timestamp":1747734701667,"hash":"0a2ad8705f044163e63adf68f5a71dfb82ed5aeb"}