{"filter":false,"title":"create-employee-microservice-tg-two.json","tooltip":"/deployment/create-employee-microservice-tg-two.json","undoManager":{"mark":19,"position":19,"stack":[[{"start":{"row":2,"column":44},"end":{"row":2,"column":45},"action":"remove","lines":["2"],"id":9},{"start":{"row":2,"column":43},"end":{"row":2,"column":44},"action":"remove","lines":["5"]}],[{"start":{"row":2,"column":43},"end":{"row":2,"column":44},"action":"insert","lines":["6"],"id":10},{"start":{"row":2,"column":44},"end":{"row":2,"column":45},"action":"insert","lines":["3"]}],[{"start":{"row":6,"column":123},"end":{"row":7,"column":0},"action":"insert","lines":["",""],"id":12},{"start":{"row":7,"column":0},"end":{"row":7,"column":6},"action":"insert","lines":["      "]}],[{"start":{"row":7,"column":6},"end":{"row":7,"column":120},"action":"insert","lines":["arn:aws:elasticloadbalancing:us-east-1:516241962417:listener/app/microservicesLB/29acab5cd0d9e9a2/c7021788e545e143"],"id":13}],[{"start":{"row":7,"column":5},"end":{"row":7,"column":120},"action":"remove","lines":[" arn:aws:elasticloadbalancing:us-east-1:516241962417:listener/app/microservicesLB/29acab5cd0d9e9a2/c7021788e545e143"],"id":14}],[{"start":{"row":6,"column":25},"end":{"row":6,"column":121},"action":"remove","lines":["arn:aws:elasticloadbalancing:us-east-1:516241962417:targetgroup/employee-tg-two/9d74309d5253ec54"],"id":17},{"start":{"row":6,"column":25},"end":{"row":6,"column":140},"action":"insert","lines":[" arn:aws:elasticloadbalancing:us-east-1:516241962417:listener/app/microservicesLB/29acab5cd0d9e9a2/c7021788e545e143"]}],[{"start":{"row":6,"column":25},"end":{"row":6,"column":26},"action":"remove","lines":[" "],"id":18}],[{"start":{"row":1,"column":0},"end":{"row":2,"column":0},"action":"remove","lines":["  \"serviceName\": \"employee-microservice\",",""],"id":19}],[{"start":{"row":1,"column":43},"end":{"row":1,"column":45},"action":"remove","lines":["63"],"id":21},{"start":{"row":1,"column":43},"end":{"row":1,"column":44},"action":"insert","lines":["8"]},{"start":{"row":1,"column":44},"end":{"row":1,"column":45},"action":"insert","lines":["3"]}],[{"start":{"row":0,"column":0},"end":{"row":30,"column":0},"action":"remove","lines":["{","  \"taskDefinition\": \"employee-microservice:83\",","  \"cluster\": \"microservices-serverlesscluster\",","  \"loadBalancers\": [","    {","      \"targetGroupArn\": \"arn:aws:elasticloadbalancing:us-east-1:516241962417:listener/app/microservicesLB/29acab5cd0d9e9a2/c7021788e545e143\",","     ","      \"containerName\": \"employee\",","      \"containerPort\": 8080","    }","  ],","  \"desiredCount\": 1,","  \"launchType\": \"FARGATE\",","  \"schedulingStrategy\": \"REPLICA\",","  \"deploymentController\": {","    \"type\": \"CODE_DEPLOY\"","  },","  \"networkConfiguration\": {","    \"awsvpcConfiguration\": {","      \"subnets\": [","        \"subnet-0894974209d0db415\",","        \"subnet-03700ce4fb32b8ae3\"","      ],","      \"securityGroups\": [","        \"sg-0fa3b20581135835e\"","      ],","      \"assignPublicIp\": \"ENABLED\"","    }","  }","}",""],"id":22},{"start":{"row":0,"column":0},"end":{"row":28,"column":1},"action":"insert","lines":["{","    \"taskDefinition\": \"customer-microservice:REVISION-NUMBER\",","    \"cluster\": \"microservices-serverlesscluster\",","    \"loadBalancers\": [","        {","            \"targetGroupArn\": \"MICROSERVICE-TG-TWO-ARN\",","            \"containerName\": \"customer\",","            \"containerPort\": 8080","        }","    ],","    \"desiredCount\": 1,","    \"launchType\": \"FARGATE\",","    \"schedulingStrategy\": \"REPLICA\",","    \"deploymentController\": {","        \"type\": \"CODE_DEPLOY\"","    },","    \"networkConfiguration\": {","        \"awsvpcConfiguration\": {","            \"subnets\": [","                \"PUBLIC-SUBNET-1-ID\",","                \"PUBLIC-SUBNET-2-ID\"","            ],","            \"securityGroups\": [","                \"SECURITY-GROUP-ID\"","            ],","            \"assignPublicIp\": \"ENABLED\"","        }","    }","}"]}],[{"start":{"row":1,"column":45},"end":{"row":1,"column":60},"action":"remove","lines":["REVISION-NUMBER"],"id":23},{"start":{"row":1,"column":45},"end":{"row":1,"column":46},"action":"insert","lines":["8"]},{"start":{"row":1,"column":46},"end":{"row":1,"column":47},"action":"insert","lines":["3"]}],[{"start":{"row":1,"column":23},"end":{"row":1,"column":44},"action":"remove","lines":["customer-microservice"],"id":24},{"start":{"row":1,"column":23},"end":{"row":1,"column":44},"action":"insert","lines":["employee-microservice"]}],[{"start":{"row":5,"column":31},"end":{"row":5,"column":54},"action":"remove","lines":["MICROSERVICE-TG-TWO-ARN"],"id":26},{"start":{"row":5,"column":31},"end":{"row":5,"column":127},"action":"insert","lines":["arn:aws:elasticloadbalancing:us-east-1:516241962417:targetgroup/employee-tg-two/9d74309d5253ec54"]}],[{"start":{"row":6,"column":30},"end":{"row":6,"column":38},"action":"remove","lines":["customer"],"id":27},{"start":{"row":6,"column":30},"end":{"row":6,"column":38},"action":"insert","lines":["employee"]}],[{"start":{"row":19,"column":15},"end":{"row":20,"column":36},"action":"remove","lines":[" \"PUBLIC-SUBNET-1-ID\",","                \"PUBLIC-SUBNET-2-ID\""],"id":32},{"start":{"row":19,"column":15},"end":{"row":20,"column":34},"action":"insert","lines":["\"subnet-03700ce4fb32b8ae3\",","        \"subnet-0894974209d0db415\""]}],[{"start":{"row":23,"column":0},"end":{"row":24,"column":0},"action":"remove","lines":["                \"SECURITY-GROUP-ID\"",""],"id":33},{"start":{"row":23,"column":0},"end":{"row":24,"column":0},"action":"insert","lines":["        \"sg-0fa3b20581135835e\"",""]}],[{"start":{"row":1,"column":46},"end":{"row":1,"column":47},"action":"remove","lines":["3"],"id":34},{"start":{"row":1,"column":46},"end":{"row":1,"column":47},"action":"insert","lines":["5"]}],[{"start":{"row":0,"column":1},"end":{"row":1,"column":0},"action":"insert","lines":["",""],"id":35},{"start":{"row":1,"column":0},"end":{"row":1,"column":2},"action":"insert","lines":["  "]}],[{"start":{"row":1,"column":2},"end":{"row":1,"column":41},"action":"insert","lines":["\"serviceName\": \"customer-microservice\","],"id":36}],[{"start":{"row":1,"column":18},"end":{"row":1,"column":26},"action":"remove","lines":["customer"],"id":37},{"start":{"row":1,"column":18},"end":{"row":1,"column":26},"action":"insert","lines":["employee"]}]]},"ace":{"folds":[],"scrolltop":0,"scrollleft":0,"selection":{"start":{"row":0,"column":0},"end":{"row":29,"column":1},"isBackwards":false},"options":{"guessTabSize":true,"useWrapMode":false,"wrapToView":true},"firstLineState":{"row":8,"state":"start","mode":"ace/mode/json"}},"timestamp":1747734718036,"hash":"32748cac03dbb83e4c97ab101cf2a3a53c6fdd43"}