{"filter":false,"title":"taskdef-employee.json","tooltip":"/deployment/taskdef-employee.json","undoManager":{"mark":3,"position":3,"stack":[[{"start":{"row":4,"column":16},"end":{"row":4,"column":17},"action":"insert","lines":["<"],"id":21}],[{"start":{"row":4,"column":28},"end":{"row":4,"column":29},"action":"insert","lines":[">"],"id":22}],[{"start":{"row":8,"column":20},"end":{"row":8,"column":71},"action":"remove","lines":["supplierdb.cdy7cadsuyhy.us-east-1.rds.amazonaws.com"],"id":23},{"start":{"row":8,"column":20},"end":{"row":8,"column":71},"action":"insert","lines":["supplierdb.cdy7cadsuyhy.us-east-1.rds.amazonaws.com"]}],[{"start":{"row":34,"column":36},"end":{"row":34,"column":48},"action":"remove","lines":["516241962417"],"id":24},{"start":{"row":34,"column":36},"end":{"row":34,"column":48},"action":"insert","lines":["516241962417"]}]]},"ace":{"folds":[],"scrolltop":282.5,"scrollleft":0,"selection":{"start":{"row":37,"column":0},"end":{"row":37,"column":0},"isBackwards":false},"options":{"guessTabSize":true,"useWrapMode":false,"wrapToView":true},"firstLineState":0},"timestamp":1747731497256,"hash":"ad77bedf6093b620ce4f49b776490653dfefb41f"}