{"filter":false,"title":"taskdef-customer.json","tooltip":"/deployment/taskdef-customer.json","undoManager":{"mark":23,"position":23,"stack":[[{"start":{"row":0,"column":0},"end":{"row":39,"column":0},"action":"insert","lines":["{","  \"containerDefinitions\": [","    {","      \"name\": \"customer\",","      \"image\": \"customer\",","      \"environment\": [","        {","          \"name\": \"APP_DB_HOST\",","          \"value\": \"supplierdb.cdy7cadsuyhy.us-east-1.rds.amazonaws.com\"","        }","      ],","      \"essential\": true,","      \"portMappings\": [","        {","          \"hostPort\": 8080,","          \"protocol\": \"tcp\",","          \"containerPort\": 8080","        }","      ],","      \"logConfiguration\": {","        \"logDriver\": \"awslogs\",","        \"options\": {","          \"awslogs-create-group\": \"true\",","          \"awslogs-group\": \"awslogs-capstone\",","          \"awslogs-region\": \"us-east-1\",","          \"awslogs-stream-prefix\": \"awslogs-capstone\"","        }","      }","    }","  ],","  \"requiresCompatibilities\": [","    \"FARGATE\"","  ],","  \"networkMode\": \"awsvpc\",","  \"cpu\": \"512\",","  \"memory\": \"1024\",","  \"executionRoleArn\": \"arn:aws:iam::516241962417:role/PipelineRole\",","  \"family\": \"customer-microservice\"","}",""],"id":54}],[{"start":{"row":4,"column":0},"end":{"row":5,"column":0},"action":"remove","lines":["      \"image\": \"customer\",",""],"id":55},{"start":{"row":4,"column":0},"end":{"row":5,"column":0},"action":"insert","lines":["\"image\": \"IMAGE1_NAME\"",""]}],[{"start":{"row":4,"column":22},"end":{"row":4,"column":23},"action":"insert","lines":["ת"],"id":56},{"start":{"row":4,"column":23},"end":{"row":4,"column":24},"action":"insert","lines":["ת"]},{"start":{"row":4,"column":24},"end":{"row":4,"column":25},"action":"insert","lines":[","]}],[{"start":{"row":4,"column":24},"end":{"row":4,"column":25},"action":"remove","lines":[","],"id":57},{"start":{"row":4,"column":23},"end":{"row":4,"column":24},"action":"remove","lines":["ת"]},{"start":{"row":4,"column":22},"end":{"row":4,"column":23},"action":"remove","lines":["ת"]}],[{"start":{"row":4,"column":22},"end":{"row":4,"column":23},"action":"insert","lines":[","],"id":58}],[{"start":{"row":4,"column":9},"end":{"row":4,"column":10},"action":"insert","lines":["<"],"id":59,"ignore":true}],[{"start":{"row":4,"column":10},"end":{"row":4,"column":11},"action":"remove","lines":["\""],"id":60,"ignore":true}],[{"start":{"row":4,"column":10},"end":{"row":4,"column":11},"action":"insert","lines":["\""],"id":61,"ignore":true}],[{"start":{"row":4,"column":10},"end":{"row":4,"column":11},"action":"insert","lines":["\\"],"id":62,"ignore":true}],[{"start":{"row":4,"column":9},"end":{"row":4,"column":11},"action":"remove","lines":["<\\"],"id":63,"ignore":true}],[{"start":{"row":4,"column":10},"end":{"row":4,"column":11},"action":"insert","lines":["<"],"id":64,"ignore":true}],[{"start":{"row":4,"column":22},"end":{"row":4,"column":23},"action":"insert","lines":[">"],"id":65,"ignore":true}],[{"start":{"row":0,"column":0},"end":{"row":39,"column":0},"action":"remove","lines":["{","  \"containerDefinitions\": [","    {","      \"name\": \"customer\",","\"image\": \"<IMAGE1_NAME>\",","      \"environment\": [","        {","          \"name\": \"APP_DB_HOST\",","          \"value\": \"supplierdb.cdy7cadsuyhy.us-east-1.rds.amazonaws.com\"","        }","      ],","      \"essential\": true,","      \"portMappings\": [","        {","          \"hostPort\": 8080,","          \"protocol\": \"tcp\",","          \"containerPort\": 8080","        }","      ],","      \"logConfiguration\": {","        \"logDriver\": \"awslogs\",","        \"options\": {","          \"awslogs-create-group\": \"true\",","          \"awslogs-group\": \"awslogs-capstone\",","          \"awslogs-region\": \"us-east-1\",","          \"awslogs-stream-prefix\": \"awslogs-capstone\"","        }","      }","    }","  ],","  \"requiresCompatibilities\": [","    \"FARGATE\"","  ],","  \"networkMode\": \"awsvpc\",","  \"cpu\": \"512\",","  \"memory\": \"1024\",","  \"executionRoleArn\": \"arn:aws:iam::516241962417:role/PipelineRole\",","  \"family\": \"customer-microservice\"","}",""],"id":66,"ignore":true},{"start":{"row":0,"column":0},"end":{"row":91,"column":1},"action":"insert","lines":["{","    \"taskDefinitionArn\": \"arn:aws:ecs:us-east-1:516241962417:task-definition/customer-microservice:40\",","    \"containerDefinitions\": [","        {","            \"name\": \"customer\",","            \"image\": \"516241962417.dkr.ecr.us-east-1.amazonaws.com/customer@sha256:8bd5673868325351c6be09ca679543776835a20ca9e65c14ae3f16419e0623f6\",","            \"cpu\": 0,","            \"portMappings\": [","                {","                    \"containerPort\": 8080,","                    \"hostPort\": 8080,","                    \"protocol\": \"tcp\"","                }","            ],","            \"essential\": true,","            \"environment\": [","                {","                    \"name\": \"APP_DB_HOST\",","                    \"value\": \"supplierdb.cdy7cadsuyhy.us-east-1.rds.amazonaws.com\"","                },","                {","                    \"name\": \"APP_DB_USER\",","                    \"value\": \"admin\"  // החלף כאן ב-username של ה-RDS שלך. במקרה זה, לפי ההנחיות במעבדה, ה-username הוא \"admin\".","                },","                {","                    \"name\": \"APP_DB_PASSWORD\",","                    \"value\": \"lab-password\"  // החלף כאן ב-password של ה-RDS שלך. לפי ההנחיות במעבדה, ה-password הוא \"lab-password\".","                }","            ],","            \"mountPoints\": [],","            \"volumesFrom\": [],","            \"logConfiguration\": {","                \"logDriver\": \"awslogs\",","                \"options\": {","                    \"awslogs-group\": \"awslogs-capstone\",","                    \"awslogs-create-group\": \"true\",","                    \"awslogs-region\": \"us-east-1\",","                    \"awslogs-stream-prefix\": \"awslogs-capstone\"","                }","            },","            \"systemControls\": []","        }","    ],","    \"family\": \"customer-microservice\",","    \"executionRoleArn\": \"arn:aws:iam::516241962417:role/PipelineRole\",","    \"networkMode\": \"awsvpc\",","    \"revision\": 40,","    \"volumes\": [],","    \"status\": \"ACTIVE\",","    \"requiresAttributes\": [","        {","            \"name\": \"com.amazonaws.ecs.capability.logging-driver.awslogs\"","        },","        {","            \"name\": \"ecs.capability.execution-role-awslogs\"","        },","        {","            \"name\": \"com.amazonaws.ecs.capability.ecr-auth\"","        },","        {","            \"name\": \"com.amazonaws.ecs.capability.docker-remote-api.1.19\"","        },","        {","            \"name\": \"com.amazonaws.ecs.capability.docker-remote-api.1.21\"","        },","        {","            \"name\": \"ecs.capability.execution-role-ecr-pull\"","        },","        {","            \"name\": \"com.amazonaws.ecs.capability.docker-remote-api.1.18\"","        },","        {","            \"name\": \"ecs.capability.task-eni\"","        },","        {","            \"name\": \"com.amazonaws.ecs.capability.docker-remote-api.1.29\"","        }","    ],","    \"placementConstraints\": [],","    \"compatibilities\": [","        \"EC2\",","        \"FARGATE\"","    ],","    \"requiresCompatibilities\": [","        \"FARGATE\"","    ],","    \"cpu\": \"512\",","    \"memory\": \"1024\",","    \"registeredAt\": \"2025-05-19T07:51:00.000Z\",","    \"registeredBy\": \"arn:aws:sts::516241962417:assumed-role/PipelineRole/1747639860064\",","    \"tags\": []","}"]}],[{"start":{"row":22,"column":38},"end":{"row":23,"column":18},"action":"remove","lines":["// החלף כאן ב-username של ה-RDS שלך. במקרה זה, לפי ההנחיות במעבדה, ה-username הוא \"admin\".","                },"],"id":67,"ignore":true},{"start":{"row":25,"column":44},"end":{"row":25,"column":132},"action":"remove","lines":[" // החלף כאן ב-password של ה-RDS שלך. לפי ההנחיות במעבדה, ה-password הוא \"lab-password\"."]}],[{"start":{"row":25,"column":30},"end":{"row":25,"column":42},"action":"remove","lines":["lab-password"],"id":68,"ignore":true}],[{"start":{"row":25,"column":30},"end":{"row":25,"column":39},"action":"insert","lines":["cat280800"],"id":69,"ignore":true}],[{"start":{"row":0,"column":0},"end":{"row":90,"column":1},"action":"remove","lines":["{","    \"taskDefinitionArn\": \"arn:aws:ecs:us-east-1:516241962417:task-definition/customer-microservice:40\",","    \"containerDefinitions\": [","        {","            \"name\": \"customer\",","            \"image\": \"516241962417.dkr.ecr.us-east-1.amazonaws.com/customer@sha256:8bd5673868325351c6be09ca679543776835a20ca9e65c14ae3f16419e0623f6\",","            \"cpu\": 0,","            \"portMappings\": [","                {","                    \"containerPort\": 8080,","                    \"hostPort\": 8080,","                    \"protocol\": \"tcp\"","                }","            ],","            \"essential\": true,","            \"environment\": [","                {","                    \"name\": \"APP_DB_HOST\",","                    \"value\": \"supplierdb.cdy7cadsuyhy.us-east-1.rds.amazonaws.com\"","                },","                {","                    \"name\": \"APP_DB_USER\",","                    \"value\": \"admin\"  ","                {","                    \"name\": \"APP_DB_PASSWORD\",","                    \"value\": \"cat280800\" ","                }","            ],","            \"mountPoints\": [],","            \"volumesFrom\": [],","            \"logConfiguration\": {","                \"logDriver\": \"awslogs\",","                \"options\": {","                    \"awslogs-group\": \"awslogs-capstone\",","                    \"awslogs-create-group\": \"true\",","                    \"awslogs-region\": \"us-east-1\",","                    \"awslogs-stream-prefix\": \"awslogs-capstone\"","                }","            },","            \"systemControls\": []","        }","    ],","    \"family\": \"customer-microservice\",","    \"executionRoleArn\": \"arn:aws:iam::516241962417:role/PipelineRole\",","    \"networkMode\": \"awsvpc\",","    \"revision\": 40,","    \"volumes\": [],","    \"status\": \"ACTIVE\",","    \"requiresAttributes\": [","        {","            \"name\": \"com.amazonaws.ecs.capability.logging-driver.awslogs\"","        },","        {","            \"name\": \"ecs.capability.execution-role-awslogs\"","        },","        {","            \"name\": \"com.amazonaws.ecs.capability.ecr-auth\"","        },","        {","            \"name\": \"com.amazonaws.ecs.capability.docker-remote-api.1.19\"","        },","        {","            \"name\": \"com.amazonaws.ecs.capability.docker-remote-api.1.21\"","        },","        {","            \"name\": \"ecs.capability.execution-role-ecr-pull\"","        },","        {","            \"name\": \"com.amazonaws.ecs.capability.docker-remote-api.1.18\"","        },","        {","            \"name\": \"ecs.capability.task-eni\"","        },","        {","            \"name\": \"com.amazonaws.ecs.capability.docker-remote-api.1.29\"","        }","    ],","    \"placementConstraints\": [],","    \"compatibilities\": [","        \"EC2\",","        \"FARGATE\"","    ],","    \"requiresCompatibilities\": [","        \"FARGATE\"","    ],","    \"cpu\": \"512\",","    \"memory\": \"1024\",","    \"registeredAt\": \"2025-05-19T07:51:00.000Z\",","    \"registeredBy\": \"arn:aws:sts::516241962417:assumed-role/PipelineRole/1747639860064\",","    \"tags\": []","}"],"id":70,"ignore":true},{"start":{"row":0,"column":0},"end":{"row":51,"column":1},"action":"insert","lines":["{","    \"containerDefinitions\": [","        {","            \"name\": \"customer\",","            \"image\": \"<IMAGE1_NAME>\",","            \"cpu\": 0,","            \"portMappings\": [","                {","                    \"containerPort\": 8080,","                    \"hostPort\": 8080,","                    \"protocol\": \"tcp\"","                }","            ],","            \"essential\": true,","            \"environment\": [","                {","                    \"name\": \"APP_DB_HOST\",","                    \"value\": \"supplierdb.cdy7cadsuyhy.us-east-1.rds.amazonaws.com\"","                },","                {","                    \"name\": \"APP_DB_USER\",","                    \"value\": \"admin\"","                },","                {","                    \"name\": \"APP_DB_PASSWORD\",","                    \"value\": \"lab-password\"","                }","            ],","            \"mountPoints\": [],","            \"volumesFrom\": [],","            \"logConfiguration\": {","                \"logDriver\": \"awslogs\",","                \"options\": {","                    \"awslogs-group\": \"awslogs-capstone\",","                    \"awslogs-create-group\": \"true\",","                    \"awslogs-region\": \"us-east-1\",","                    \"awslogs-stream-prefix\": \"awslogs-capstone\"","                }","            },","            \"systemControls\": []","        }","    ],","    \"family\": \"customer-microservice\",","    \"executionRoleArn\": \"arn:aws:iam::516241962417:role/PipelineRole\",","    \"networkMode\": \"awsvpc\",","    \"volumes\": [],","    \"requiresCompatibilities\": [","        \"FARGATE\"","    ],","    \"cpu\": \"512\",","    \"memory\": \"1024\"","}"]}],[{"start":{"row":0,"column":0},"end":{"row":51,"column":1},"action":"remove","lines":["{","    \"containerDefinitions\": [","        {","            \"name\": \"customer\",","            \"image\": \"<IMAGE1_NAME>\",","            \"cpu\": 0,","            \"portMappings\": [","                {","                    \"containerPort\": 8080,","                    \"hostPort\": 8080,","                    \"protocol\": \"tcp\"","                }","            ],","            \"essential\": true,","            \"environment\": [","                {","                    \"name\": \"APP_DB_HOST\",","                    \"value\": \"supplierdb.cdy7cadsuyhy.us-east-1.rds.amazonaws.com\"","                },","                {","                    \"name\": \"APP_DB_USER\",","                    \"value\": \"admin\"","                },","                {","                    \"name\": \"APP_DB_PASSWORD\",","                    \"value\": \"lab-password\"","                }","            ],","            \"mountPoints\": [],","            \"volumesFrom\": [],","            \"logConfiguration\": {","                \"logDriver\": \"awslogs\",","                \"options\": {","                    \"awslogs-group\": \"awslogs-capstone\",","                    \"awslogs-create-group\": \"true\",","                    \"awslogs-region\": \"us-east-1\",","                    \"awslogs-stream-prefix\": \"awslogs-capstone\"","                }","            },","            \"systemControls\": []","        }","    ],","    \"family\": \"customer-microservice\",","    \"executionRoleArn\": \"arn:aws:iam::516241962417:role/PipelineRole\",","    \"networkMode\": \"awsvpc\",","    \"volumes\": [],","    \"requiresCompatibilities\": [","        \"FARGATE\"","    ],","    \"cpu\": \"512\",","    \"memory\": \"1024\"","}"],"id":71,"ignore":true},{"start":{"row":0,"column":0},"end":{"row":51,"column":1},"action":"insert","lines":["{","    \"containerDefinitions\": [","        {","            \"name\": \"customer\",","            \"image\": \"<IMAGE1_NAME>\",","            \"cpu\": 0,","            \"portMappings\": [","                {","                    \"containerPort\": 8080,","                    \"hostPort\": 8080,","                    \"protocol\": \"tcp\"","                }","            ],","            \"essential\": true,","            \"environment\": [","                {","                    \"name\": \"APP_DB_HOST\",","                    \"value\": \"supplierdb.cdy7cadsuyhy.us-east-1.rds.amazonaws.com\"","                },","                {","                    \"name\": \"APP_DB_USER\",","                    \"value\": \"admin\"","                },","                {","                    \"name\": \"APP_DB_PASSWORD\",","                    \"value\": \"lab-password\"","                }","            ],","            \"mountPoints\": [],","            \"volumesFrom\": [],","            \"logConfiguration\": {","                \"logDriver\": \"awslogs\",","                \"options\": {","                    \"awslogs-group\": \"awslogs-capstone\",","                    \"awslogs-create-group\": \"true\",","                    \"awslogs-region\": \"us-east-1\",","                    \"awslogs-stream-prefix\": \"awslogs-capstone\"","                }","            },","            \"systemControls\": []","        }","    ],","    \"family\": \"customer-microservice\",","    \"executionRoleArn\": \"arn:aws:iam::516241962417:role/PipelineRole\",","    \"networkMode\": \"awsvpc\",","    \"volumes\": [],","    \"requiresCompatibilities\": [","        \"FARGATE\"","    ],","    \"cpu\": \"512\",","    \"memory\": \"1024\"","}"]}],[{"start":{"row":0,"column":0},"end":{"row":51,"column":1},"action":"remove","lines":["{","    \"containerDefinitions\": [","        {","            \"name\": \"customer\",","            \"image\": \"<IMAGE1_NAME>\",","            \"cpu\": 0,","            \"portMappings\": [","                {","                    \"containerPort\": 8080,","                    \"hostPort\": 8080,","                    \"protocol\": \"tcp\"","                }","            ],","            \"essential\": true,","            \"environment\": [","                {","                    \"name\": \"APP_DB_HOST\",","                    \"value\": \"supplierdb.cdy7cadsuyhy.us-east-1.rds.amazonaws.com\"","                },","                {","                    \"name\": \"APP_DB_USER\",","                    \"value\": \"admin\"","                },","                {","                    \"name\": \"APP_DB_PASSWORD\",","                    \"value\": \"lab-password\"","                }","            ],","            \"mountPoints\": [],","            \"volumesFrom\": [],","            \"logConfiguration\": {","                \"logDriver\": \"awslogs\",","                \"options\": {","                    \"awslogs-group\": \"awslogs-capstone\",","                    \"awslogs-create-group\": \"true\",","                    \"awslogs-region\": \"us-east-1\",","                    \"awslogs-stream-prefix\": \"awslogs-capstone\"","                }","            },","            \"systemControls\": []","        }","    ],","    \"family\": \"customer-microservice\",","    \"executionRoleArn\": \"arn:aws:iam::516241962417:role/PipelineRole\",","    \"networkMode\": \"awsvpc\",","    \"volumes\": [],","    \"requiresCompatibilities\": [","        \"FARGATE\"","    ],","    \"cpu\": \"512\",","    \"memory\": \"1024\"","}"],"id":72,"ignore":true},{"start":{"row":0,"column":0},"end":{"row":90,"column":1},"action":"insert","lines":["{","    \"taskDefinitionArn\": \"arn:aws:ecs:us-east-1:516241962417:task-definition/customer-microservice:40\",","    \"containerDefinitions\": [","        {","            \"name\": \"customer\",","            \"image\": \"516241962417.dkr.ecr.us-east-1.amazonaws.com/customer@sha256:8bd5673868325351c6be09ca679543776835a20ca9e65c14ae3f16419e0623f6\",","            \"cpu\": 0,","            \"portMappings\": [","                {","                    \"containerPort\": 8080,","                    \"hostPort\": 8080,","                    \"protocol\": \"tcp\"","                }","            ],","            \"essential\": true,","            \"environment\": [","                {","                    \"name\": \"APP_DB_HOST\",","                    \"value\": \"supplierdb.cdy7cadsuyhy.us-east-1.rds.amazonaws.com\"","                },","                {","                    \"name\": \"APP_DB_USER\",","                    \"value\": \"admin\"  ","                {","                    \"name\": \"APP_DB_PASSWORD\",","                    \"value\": \"ב\" ","                }","            ],","            \"mountPoints\": [],","            \"volumesFrom\": [],","            \"logConfiguration\": {","                \"logDriver\": \"awslogs\",","                \"options\": {","                    \"awslogs-group\": \"awslogs-capstone\",","                    \"awslogs-create-group\": \"true\",","                    \"awslogs-region\": \"us-east-1\",","                    \"awslogs-stream-prefix\": \"awslogs-capstone\"","                }","            },","            \"systemControls\": []","        }","    ],","    \"family\": \"customer-microservice\",","    \"executionRoleArn\": \"arn:aws:iam::516241962417:role/PipelineRole\",","    \"networkMode\": \"awsvpc\",","    \"revision\": 40,","    \"volumes\": [],","    \"status\": \"ACTIVE\",","    \"requiresAttributes\": [","        {","            \"name\": \"com.amazonaws.ecs.capability.logging-driver.awslogs\"","        },","        {","            \"name\": \"ecs.capability.execution-role-awslogs\"","        },","        {","            \"name\": \"com.amazonaws.ecs.capability.ecr-auth\"","        },","        {","            \"name\": \"com.amazonaws.ecs.capability.docker-remote-api.1.19\"","        },","        {","            \"name\": \"com.amazonaws.ecs.capability.docker-remote-api.1.21\"","        },","        {","            \"name\": \"ecs.capability.execution-role-ecr-pull\"","        },","        {","            \"name\": \"com.amazonaws.ecs.capability.docker-remote-api.1.18\"","        },","        {","            \"name\": \"ecs.capability.task-eni\"","        },","        {","            \"name\": \"com.amazonaws.ecs.capability.docker-remote-api.1.29\"","        }","    ],","    \"placementConstraints\": [],","    \"compatibilities\": [","        \"EC2\",","        \"FARGATE\"","    ],","    \"requiresCompatibilities\": [","        \"FARGATE\"","    ],","    \"cpu\": \"512\",","    \"memory\": \"1024\",","    \"registeredAt\": \"2025-05-19T07:51:00.000Z\",","    \"registeredBy\": \"arn:aws:sts::516241962417:assumed-role/PipelineRole/1747639860064\",","    \"tags\": []","}"]}],[{"start":{"row":0,"column":0},"end":{"row":90,"column":1},"action":"remove","lines":["{","    \"taskDefinitionArn\": \"arn:aws:ecs:us-east-1:516241962417:task-definition/customer-microservice:40\",","    \"containerDefinitions\": [","        {","            \"name\": \"customer\",","            \"image\": \"516241962417.dkr.ecr.us-east-1.amazonaws.com/customer@sha256:8bd5673868325351c6be09ca679543776835a20ca9e65c14ae3f16419e0623f6\",","            \"cpu\": 0,","            \"portMappings\": [","                {","                    \"containerPort\": 8080,","                    \"hostPort\": 8080,","                    \"protocol\": \"tcp\"","                }","            ],","            \"essential\": true,","            \"environment\": [","                {","                    \"name\": \"APP_DB_HOST\",","                    \"value\": \"supplierdb.cdy7cadsuyhy.us-east-1.rds.amazonaws.com\"","                },","                {","                    \"name\": \"APP_DB_USER\",","                    \"value\": \"admin\"  ","                {","                    \"name\": \"APP_DB_PASSWORD\",","                    \"value\": \"ב\" ","                }","            ],","            \"mountPoints\": [],","            \"volumesFrom\": [],","            \"logConfiguration\": {","                \"logDriver\": \"awslogs\",","                \"options\": {","                    \"awslogs-group\": \"awslogs-capstone\",","                    \"awslogs-create-group\": \"true\",","                    \"awslogs-region\": \"us-east-1\",","                    \"awslogs-stream-prefix\": \"awslogs-capstone\"","                }","            },","            \"systemControls\": []","        }","    ],","    \"family\": \"customer-microservice\",","    \"executionRoleArn\": \"arn:aws:iam::516241962417:role/PipelineRole\",","    \"networkMode\": \"awsvpc\",","    \"revision\": 40,","    \"volumes\": [],","    \"status\": \"ACTIVE\",","    \"requiresAttributes\": [","        {","            \"name\": \"com.amazonaws.ecs.capability.logging-driver.awslogs\"","        },","        {","            \"name\": \"ecs.capability.execution-role-awslogs\"","        },","        {","            \"name\": \"com.amazonaws.ecs.capability.ecr-auth\"","        },","        {","            \"name\": \"com.amazonaws.ecs.capability.docker-remote-api.1.19\"","        },","        {","            \"name\": \"com.amazonaws.ecs.capability.docker-remote-api.1.21\"","        },","        {","            \"name\": \"ecs.capability.execution-role-ecr-pull\"","        },","        {","            \"name\": \"com.amazonaws.ecs.capability.docker-remote-api.1.18\"","        },","        {","            \"name\": \"ecs.capability.task-eni\"","        },","        {","            \"name\": \"com.amazonaws.ecs.capability.docker-remote-api.1.29\"","        }","    ],","    \"placementConstraints\": [],","    \"compatibilities\": [","        \"EC2\",","        \"FARGATE\"","    ],","    \"requiresCompatibilities\": [","        \"FARGATE\"","    ],","    \"cpu\": \"512\",","    \"memory\": \"1024\",","    \"registeredAt\": \"2025-05-19T07:51:00.000Z\",","    \"registeredBy\": \"arn:aws:sts::516241962417:assumed-role/PipelineRole/1747639860064\",","    \"tags\": []","}"],"id":73,"ignore":true},{"start":{"row":0,"column":0},"end":{"row":39,"column":0},"action":"insert","lines":["{","  \"containerDefinitions\": [","    {","      \"name\": \"customer\",","\"image\": \"<IMAGE1_NAME>\",","      \"environment\": [","        {","          \"name\": \"APP_DB_HOST\",","          \"value\": \"supplierdb.cdy7cadsuyhy.us-east-1.rds.amazonaws.com\"","        }","      ],","      \"essential\": true,","      \"portMappings\": [","        {","          \"hostPort\": 8080,","          \"protocol\": \"tcp\",","          \"containerPort\": 8080","        }","      ],","      \"logConfiguration\": {","        \"logDriver\": \"awslogs\",","        \"options\": {","          \"awslogs-create-group\": \"true\",","          \"awslogs-group\": \"awslogs-capstone\",","          \"awslogs-region\": \"us-east-1\",","          \"awslogs-stream-prefix\": \"awslogs-capstone\"","        }","      }","    }","  ],","  \"requiresCompatibilities\": [","    \"FARGATE\"","  ],","  \"networkMode\": \"awsvpc\",","  \"cpu\": \"512\",","  \"memory\": \"1024\",","  \"executionRoleArn\": \"arn:aws:iam::516241962417:role/PipelineRole\",","  \"family\": \"customer-microservice\"","}",""]}],[{"start":{"row":4,"column":0},"end":{"row":4,"column":6},"action":"insert","lines":["      "],"id":74,"ignore":true}],[{"start":{"row":4,"column":0},"end":{"row":5,"column":0},"action":"remove","lines":["      \"image\": \"<IMAGE1_NAME>\",",""],"id":75,"ignore":true},{"start":{"row":4,"column":0},"end":{"row":5,"column":0},"action":"insert","lines":["\"image\": \"516241962417.dkr.ecr.us-east-1.amazonaws.com/customer:latest\"",""]}],[{"start":{"row":4,"column":0},"end":{"row":5,"column":0},"action":"remove","lines":["\"image\": \"516241962417.dkr.ecr.us-east-1.amazonaws.com/customer:latest\"",""],"id":76,"ignore":true},{"start":{"row":4,"column":0},"end":{"row":5,"column":0},"action":"insert","lines":["      \"image\": \"<IMAGE1_NAME>\",",""]}],[{"start":{"row":4,"column":0},"end":{"row":4,"column":6},"action":"remove","lines":["      "],"id":78}]]},"ace":{"folds":[],"scrolltop":0,"scrollleft":0,"selection":{"start":{"row":39,"column":0},"end":{"row":39,"column":0},"isBackwards":false},"options":{"guessTabSize":true,"useWrapMode":false,"wrapToView":true},"firstLineState":0},"timestamp":1747641937109,"hash":"7cf898f6c5d8b9d3afc9dacfe100c3e43e3f0c86"}